-- INSERT PARA TITULOS
INSERT INTO TITULO (ID, NOMBRE, TIPO) 
VALUES ('CNM123','Star Wars: Clone Wars','S');

INSERT INTO TITULO (ID, NOMBRE, TIPO) 
VALUES ('CNM321','Star Treck','P');

INSERT INTO TITULO (ID, NOMBRE, TIPO) 
VALUES ('CNM234','Spider Man','P');

INSERT INTO TITULO (ID, NOMBRE, TIPO) 
VALUES ('CNM345','RED','P');

INSERT INTO TITULO (ID, NOMBRE, TIPO) 
VALUES ('CNM456','The Mandalorian','S');

INSERT INTO TITULO (ID, NOMBRE, TIPO) 
VALUES ('CNM098','Squid Game','S');

-- INSERT PARA PELICULA
INSERT INTO PELICULA (ID, DURACION) 
VALUES ('CNM321',10800);

INSERT INTO PELICULA (ID, DURACION) 
VALUES ('CNM234',7200);

INSERT INTO PELICULA (ID, DURACION) 
VALUES ('CNM345',7330);

-- INSERT PARA SERIES
INSERT INTO SERIES (ID, TEMPORADAS, EPISODIOS)
VALUES ('CNM123',7,6);

INSERT INTO SERIES (ID, TEMPORADAS, EPISODIOS) 
VALUES ('CNM456',2,12);

INSERT INTO SERIES (ID, TEMPORADAS, EPISODIOS) 
VALUES ('CNM098',1,10);

-- INSERT PARA TITULO_DIRECTOR
INSERT INTO TITULO_DIRECTOR (ID, DIRECTOR) 
VALUES ('CNM123','432');

INSERT INTO TITULO_DIRECTOR (ID, DIRECTOR) 
VALUES ('CNM321','543');

INSERT INTO TITULO_DIRECTOR (ID, DIRECTOR) 
VALUES ('CNM234','654');

INSERT INTO TITULO_DIRECTOR (ID, DIRECTOR) 
VALUES ('CNM345','678');

INSERT INTO TITULO_DIRECTOR (ID, DIRECTOR) 
VALUES ('CNM456','178');

INSERT INTO TITULO_DIRECTOR  (ID, DIRECTORO) 
VALUES ('CNM098','067');

-- INSERT PARA DIRECTOR
INSERT INTO DIRECTOR (ID_DIRECTOR, NOMBRE) 
VALUES ('432','Dave Filoni');

INSERT INTO DIRECTOR (ID, DIRECTOR) 
VALUES ('543','J. J. Abrams');

INSERT INTO DIRECTOR (ID, DIRECTOR) 
VALUES ('654','Jon Watts');

INSERT INTO DIRECTOR (ID, DIRECTOR) 
VALUES ('678','Domee Shi');

INSERT INTO DIRECTOR (ID, DIRECTOR) 
VALUES ('178','Jon Favreau');

INSERT INTO DIRECTOR  (ID, DIRECTORO) 
VALUES ('067','Hwang Dong-hyuk');

-- INSERT PARA TITULO_ACTORES
INSERT INTO TITULO_ACTORES (ID, ESTELAR1, ESTELAR2, ESTELAR3) 
VALUES ('CNM123','098','987','789');

INSERT INTO TITULO_ACTORES (ID, ESTELAR1, ESTELAR2, ESTELAR3) 
VALUES ('CNM321','890','678');

INSERT INTO TITULO_ACTORES (ID, ESTELAR1, ESTELAR2, ESTELAR3) 
VALUES ('CNM234','876');

INSERT INTO TITULO_ACTORES (ID, ESTELAR1, ESTELAR2, ESTELAR3) 
VALUES ('CNM345','674');

INSERT INTO TITULO_ACTORES (ID, ESTELAR1, ESTELAR2, ESTELAR3) 
VALUES ('CNM456','178');

INSERT INTO TITULO_ACTORES  (ID, ESTELAR1, ESTELAR2, ESTELAR3) 
VALUES ('CNM098','543','432','453');

-- INSERT PARA ACTOR
INSERT INTO ACTOR (ID_ACTOR, NOMBRE) 
VALUES ('098','Ashley Eckstein');

INSERT INTO ACTOR (ID_ACTOR, NOMBRE) 
VALUES ('987','Dee Bradley');

INSERT INTO ACTOR (ID_ACTOR, NOMBRE) 
VALUES ('789','James Earl Jones');

INSERT INTO ACTOR (ID_ACTOR, NOMBRE) 
VALUES ('890','William Shatner');

INSERT INTO ACTOR (ID_ACTOR, NOMBRE) 
VALUES ('678','Leonard Nimoy');

INSERT INTO ACTOR  (ID_ACTOR, NOMBRE) 
VALUES ('876','Cum Holando');

INSERT INTO ACTOR (ID_ACTOR, NOMBRE) 
VALUES ('674','Rosalie Chiang');

INSERT INTO ACTOR (ID_ACTOR, NOMBRE) 
VALUES ('543','Pedro Pascal');

INSERT INTO ACTOR (ID_ACTOR, NOMBRE) 
VALUES ('432','Gong Yoo');

INSERT INTO ACTOR (ID_ACTOR, NOMBRE) 
VALUES ('453','Hoyeon Jung');

-- INSERT PARA TITULOS_DETAILS
INSERT INTO TITULOS_DETAILS (ID, GENERO1, GENERO2, GENERO3) 
VALUES ('CNM123','123','543','321');

INSERT INTO TITULOS_DETAILS (ID, GENERO1, GENERO2, GENERO3) 
VALUES ('CNM321','321','543','234');

INSERT INTO TITULOS_DETAILS (ID, GENERO1, GENERO2, GENERO3) 
VALUES ('CNM234','345','123');

INSERT INTO TITULOS_DETAILS (ID, GENERO1, GENERO2, GENERO3) 
VALUES ('CNM345','432','321');

INSERT INTO TITULOS_DETAILS (ID, GENERO1, GENERO2, GENERO3) 
VALUES ('CNM456','543','321','123');

INSERT INTO TITULOS_DETAILS (ID, GENERO1, GENERO2, GENERO3) 
VALUES ('CNM098','123','321');


-- INSERT PARA GENERO
INSERT INTO GENERO (ID_GENERO, NOMBRE) 
VALUES ('123','ACCION');

INSERT INTO GENERO (ID_GENERO, NOMBRE) 
VALUES ('321','FICCION');

INSERT INTO GENERO (ID_GENERO, NOMBRE) 
VALUES ('234','AVENTURAS');

INSERT INTO GENERO (ID_GENERO, NOMBRE) 
VALUES ('432','INFANTIL');

INSERT INTO GENERO (ID_GENERO, NOMBRE) 
VALUES ('345','HEORES');

INSERT INTO GENERO  (ID_GENERO, NOMBRE) 
VALUES ('543','ESPACIAL');