-- INSERT PARA TITULOS
INSERT INTO TITULO (ID, NOMBRE, TIPO) 
VALUES ('CNM123','Star Wars: Clone Wars','S');

INSERT INTO TITULO (ID, NOMBRE, TIPO) 
VALUES ('CNM321','Star Treck','P');

INSERT INTO TITULO (ID, NOMBRE, TIPO) 
VALUES ('CNM234','Spider Man','P');

INSERT INTO TITULO (ID, NOMBRE, TIPO) 
VALUES ('CNM345','RED','P');

INSERT INTO TITULO (ID, NOMBRE, TIPO) 
VALUES ('CNM456','The Mandalorian','S');

INSERT INTO TITULO (ID, NOMBRE, TIPO) 
VALUES ('CNM098','Squid Game','S');

-- INSERT PARA PELICULA
INSERT INTO PELICULA (ID, DURACION) 
VALUES ('CNM321',10800);

INSERT INTO PELICULA (ID, DURACION) 
VALUES ('CNM234',7200);

INSERT INTO PELICULA (ID, DURACION) 
VALUES ('CNM345',7330);

-- INSERT PARA SERIES
INSERT INTO SERIES (ID, TEMPORADAS, EPISODIOS)
VALUES ('CNM123',7,6);

INSERT INTO SERIES (ID, TEMPORADAS, EPISODIOS) 
VALUES ('CNM456',2,12);

INSERT INTO SERIES (ID, TEMPORADAS, EPISODIOS) 
VALUES ('CNM098',1,10);

-- INSERT PARA TITULO_DIRECTOR
INSERT INTO TITULO_DIRECTOR (ID, DIRECTOR) 
VALUES ('CNM123','0432');

INSERT INTO TITULO_DIRECTOR (ID, DIRECTOR) 
VALUES ('CNM321','0543');

INSERT INTO TITULO_DIRECTOR (ID, DIRECTOR) 
VALUES ('CNM234','0654');

INSERT INTO TITULO_DIRECTOR (ID, DIRECTOR) 
VALUES ('CNM345','0678');

INSERT INTO TITULO_DIRECTOR (ID, DIRECTOR) 
VALUES ('CNM456','0178');

INSERT INTO TITULO_DIRECTOR  (ID, DIRECTORO) 
VALUES ('CNM098','0067');

-- INSERT PARA DIRECTOR
INSERT INTO DIRECTOR (ID_DIRECTOR, NOMBRE) 
VALUES ('0432','Dave Filoni');

INSERT INTO DIRECTOR (ID, DIRECTOR) 
VALUES ('0543','J. J. Abrams');

INSERT INTO DIRECTOR (ID, DIRECTOR) 
VALUES ('0654','Jon Watts');

INSERT INTO DIRECTOR (ID, DIRECTOR) 
VALUES ('0678','Domee Shi');

INSERT INTO DIRECTOR (ID, DIRECTOR) 
VALUES ('0178','Jon Favreau');

INSERT INTO DIRECTOR  (ID, DIRECTORO) 
VALUES ('0067','Hwang Dong-hyuk');

-- INSERT PARA TITULO_ACTORES
INSERT INTO TITULO_ACTORES (ID, ESTELAR1, ESTELAR2, ESTELAR3) 
VALUES ('CNM123','098','987','789');

INSERT INTO TITULO_ACTORES (ID, ESTELAR1, ESTELAR2, ESTELAR3) 
VALUES ('CNM321','890','678');

INSERT INTO TITULO_ACTORES (ID, ESTELAR1, ESTELAR2, ESTELAR3) 
VALUES ('CNM234','876');

INSERT INTO TITULO_ACTORES (ID, ESTELAR1, ESTELAR2, ESTELAR3) 
VALUES ('CNM345','674');

INSERT INTO TITULO_ACTORES (ID, ESTELAR1, ESTELAR2, ESTELAR3) 
VALUES ('CNM456','178');

INSERT INTO TITULO_ACTORES  (ID, ESTELAR1, ESTELAR2, ESTELAR3) 
VALUES ('CNM098','543','432','453');

-- INSERT PARA ACTOR
INSERT INTO ACTOR (ID_ACTOR, NOMBRE) 
VALUES ('098','Ashley Eckstein');

INSERT INTO ACTOR (ID_ACTOR, NOMBRE) 
VALUES ('987','Dee Bradley');

INSERT INTO ACTOR (ID_ACTOR, NOMBRE) 
VALUES ('789','James Earl Jones');

INSERT INTO ACTOR (ID_ACTOR, NOMBRE) 
VALUES ('890','William Shatner');

INSERT INTO ACTOR (ID_ACTOR, NOMBRE) 
VALUES ('678','Leonard Nimoy');

INSERT INTO ACTOR  (ID_ACTOR, NOMBRE) 
VALUES ('876','Cum Holando');

INSERT INTO ACTOR (ID_ACTOR, NOMBRE) 
VALUES ('674','Rosalie Chiang');

INSERT INTO ACTOR (ID_ACTOR, NOMBRE) 
VALUES ('543','Pedro Pascal');

INSERT INTO ACTOR (ID_ACTOR, NOMBRE) 
VALUES ('432','Gong Yoo');

INSERT INTO ACTOR (ID_ACTOR, NOMBRE) 
VALUES ('453','Hoyeon Jung');

-- INSERT PARA TITULOS_DETAILS
INSERT INTO TITULOS_DETAILS (ID, GENERO1, RELASE) 
VALUES ('CNM123','123','01-03-2015');

INSERT INTO TITULOS_DETAILS (ID, GENERO1, RELASE) 
VALUES ('CNM321','321','03-01-2012');

INSERT INTO TITULOS_DETAILS (ID, GENERO1, RELASE) 
VALUES ('CNM234','345','10-03-2011');

INSERT INTO TITULOS_DETAILS (ID, GENERO1, RELASE) 
VALUES ('CNM345','432','09-09-2005');

INSERT INTO TITULOS_DETAILS (ID, GENERO1, RELASE) 
VALUES ('CNM456','543','09-03-2009');

INSERT INTO TITULOS_DETAILS (ID, GENERO1, RELASE) 
VALUES ('CNM098','123','09-05-2020');


-- INSERT PARA GENERO
INSERT INTO GENERO (ID_GENERO, NOMBRE) 
VALUES ('123','ACCION');

INSERT INTO GENERO (ID_GENERO, NOMBRE) 
VALUES ('321','FICCION');

INSERT INTO GENERO (ID_GENERO, NOMBRE) 
VALUES ('234','AVENTURAS');

INSERT INTO GENERO (ID_GENERO, NOMBRE) 
VALUES ('432','INFANTIL');

INSERT INTO GENERO (ID_GENERO, NOMBRE) 
VALUES ('345','HEORES');

INSERT INTO GENERO  (ID_GENERO, NOMBRE) 
VALUES ('543','ESPACIAL');

-- INSERT PARA PREMIADOS
INSERT INTO PREMIADOS (ID_TITULO, ID_PREMIO, ESTADO) 
VALUES ('CNM123','PR004','P');

INSERT INTO PREMIADOS (ID_TITULO, ID_PREMIO, ESTADO) 
VALUES ('CNM234','PR003','N');

INSERT INTO PREMIADOS (ID_TITULO, ID_PREMIO, ESTADO) 
VALUES ('CNM345','PR006','P');

INSERT INTO PREMIADOS (ID_TITULO, ID_PREMIO, ESTADO) 
VALUES ('CNM456','PR005','P');

-- INSERT PARA PREMIO
INSERT INTO PREMIO (ID, NOMBRE) 
VALUES ('PR001','Mejor Fotografia');

INSERT INTO PREMIO (ID, NOMBRE) 
VALUES ('PR002','Mejor guion');

INSERT INTO PREMIO (ID, NOMBRE) 
VALUES ('PR003','Mejor dirrecion');

INSERT INTO PREMIO (ID, NOMBRE) 
VALUES ('PR004','Mejor ambientacion');

INSERT INTO PREMIO (ID, NOMBRE) 
VALUES ('PR005','Mejor banda sonora');

INSERT INTO PREMIO (ID, NOMBRE) 
VALUES ('PR006','Mejor animacion');

-- INSERT PARA ANUNCIANTE
INSERT INTO ANUNCIANTE (ID, NOMBRE) 
VALUES ('AN001','Woka Cola Espuma');

INSERT INTO ANUNCIANTE (ID, NOMBRE) 
VALUES ('AN002','Lepsi');

INSERT INTO ANUNCIANTE (ID, NOMBRE) 
VALUES ('AN003','Francesco Fuammm');

INSERT INTO ANUNCIANTE (ID, NOMBRE) 
VALUES ('AN004','YouTube Naranja');

-- INSERT PARA ANUNCIO
INSERT INTO ANUNCIO (ID, NOMBRE, ID_ANUNCIANTE) 
VALUES ('ANES001','Woka Cola Espuma!');

INSERT INTO ANUNCIO (ID, NOMBRE, ID_ANUNCIANTE)  
VALUES ('ANES002','No espuma, no maiden');

INSERT INTO ANUNCIO (ID, NOMBRE, ID_ANUNCIANTE) 
VALUES ('ANES003','Velocidad Mcqueen');

INSERT INTO ANUNCIO (ID, NOMBRE, ID_ANUNCIANTE) 
VALUES ('ANES004','Tas solo?');

-- INSERT PARA ANUNCIO_CONTENIDO
INSERT INTO ANUNCIO_CONTENIDO (ID_ANUNCIO, ID_TITULO) 
VALUES ('ANES001','CNM123');

INSERT INTO ANUNCIO_CONTENIDO (ID_ANUNCIO, ID_TITULO) 
VALUES ('CNM321');

INSERT INTO ANUNCIO_CONTENIDO (ID_ANUNCIO, ID_TITULO) 
VALUES ('ANES002','CNM234');

INSERT INTO ANUNCIO_CONTENIDO (ID_ANUNCIO, ID_TITULO) 
VALUES ('ANES003','CNM345');

INSERT INTO ANUNCIO_CONTENIDO (ID_ANUNCIO, ID_TITULO) 
VALUES ('ANES004','CNM456');

INSERT INTO ANUNCIO_CONTENIDO (ID_ANUNCIO, ID_TITULO) 
VALUES ('ANES004','CNM098');

-- YA ESTA DE AQUI HACIA ARRIBA, HACIA ABAJO VAMOS A VER QUE TAL

-- INSERT PARA CUENTA
INSERT INTO CUENTA (CUENTA_ID, NIVEL_CUENTA, PASSWORD, CORREO) 
VALUES ('0987654','1','Acetato123','Phineas1@ferb.com');

INSERT INTO CUENTA (CUENTA_ID, NIVEL_CUENTA, PASSWORD, CORREO) 
VALUES ('0123456','1','HelloThere@123','GeneralKenovi@grivius.net');

-- INSERT PARA PERFILES
INSERT INTO PERFILES (CUENTA, PERFIL, ACTIVE, PERFIL_ID)
VALUES ('0987654','Ferb','False',"12122323");

INSERT INTO PERFILES (CUENTA, PERFIL, ACTIVE, PERFIL_ID) 
VALUES ('0987654','PERRY!','True','67875546');

INSERT INTO PERFILES (CUENTA, PERFIL, ACTIVE, PERFIL_ID) 
VALUES ('0123456','Satine','False','23455467');

INSERT INTO PERFILES (CUENTA, PERFIL, ACTIVE, PERFIL_ID) 
VALUES ('0123456','Anakin','False','09877865');

INSERT INTO PERFILES (CUENTA, PERFIL, ACTIVE, PERFIL_ID) 
VALUES ('0123456','ObiJuan','True','55785678');

-- INSERT PARA FAVORITOS
INSERT INTO FAVORITOS (PERFIL, ID_TITULO) 
VALUES ('PERRY','CNM123');

INSERT INTO FAVORITOS (PERFIL, ID_TITULO) 
VALUES ('ObiJuan','GCNM456');

-- INSERT PARA VIENDO
INSERT INTO VIENDO (PERFIL, ID_TITULO) 
VALUES ('ObiJuan','GCNM456');

-- INSERT PARA WATCH_AGAIN
INSERT INTO FAVORITOS (PERFIL, ID_TITULO, TIMES_WATCHED, DATE_WATCHED) 
VALUES ('PERRY','CNM123', 360000, 03-05-2022);

INSERT INTO FAVORITOS (PERFIL, ID_TITULO, TIMES_WATCHED, DATE_WATCHED) 
VALUES ('ObiJuan','CNM123',3600, 01-06-2020);

-- INSERT PARA RECOMENDADOS
INSERT INTO RECOMENDADOS (PERFIL, ID_TITULO) 
VALUES ('PERRY','CNM234', 360000, 03-05-2022);

INSERT INTO RECOMENDADOS (PERFIL, ID_TITULO) 
VALUES ('ObiJuan','CNM321',3600, 01-06-2020);
